{"predictions": [{"fold": 0, "pred": [0.999976, 0.999956, 0.999921, 0.486101, 0.477477, 0.456335, 0.999987, 0.999956, 0.999993, 0.999987, 0.999977, 0.999958, 0.999926, 0.30032, 0.300097, 0.999976, 1.0, 0.443888, 0.437348, 0.42791, 1.0, 1.0, 1.0, 1.0, 1.0, 1.0, 1.0, 1.0, 1.0, 1.0, 1.0, 1.0, 1.0, 1.0, 1.0, 1.0, 1.0, 1.0, 1.0, 1.0, 1.0, 1.0, 1.0, 1.0, 1.0, 1.0, 1.0, 1.0, 1.0, 1.0, 1.0, 1.0, 1.0, 1.0, 1.0, 1.0, 0.45, 1.0, 1.0, 1.0, 0.45, 1.0, 1.0, 1.0, 1.0, 1.0, 0.45, 0.45, 1.0, 1.0, 1.0, 1.0, 1.0, 0.45, 0.45, 1.0, 1.0, 1.0, 0.95, 0.95, 0.95, 1.0, 0.95, 0.95, 0.95, 0.95, 0.95, 0.95, 0.95, 0.95, 1.0, 1.0, 1.0, 1.0, 1.0, 1.0, 1.0, 1.0, 1.0, 1.0, 1.0, 0.95, 0.95, 0.95, 0.95, 0.95, 0.95, 1.0, 1.0, 1.0, 1.0, 1.0, 0.998463, 1.0, 1.0, 9.54115e-07, 2.74404e-07, 8.81481e-06, 3.4042e-06, 0.395724, 0.381079, 1.72442e-06, 9.82104e-07, 5.72205e-07, 0.369826, 0.999518, 0.999352, 0.999137, 0.999645, 0.360902, 0.998861, 0.998511, 0.998072, 0.997526, 0.996855, 0.996039, 3.31311e-07, 1.89433e-07, 1.06837e-07, 5.9422e-08, 3.25925e-08, 1.76286e-08, 0.515478, 0.353204, 0.999741, 0.999813, 0.998647, 1.0, 0.242318, 0.391818, 0.366454, 0.343375, 0.323654, 0.441174, 0.416822, 0.394499, 1.97344e-05, 3.67931e-06, 9.42916e-05, 2.18238e-05, 4.49997e-06, 0.995567, 0.994428, 0.520734, 0.492133, 0.464016, 0.998852, 0.998485, 0.998021, 0.99744, 0.437632, 0.996721, 0.995843, 0.999229, 0.998974, 0.414553, 1.0, 1.0, 0.55, 0.55, 0.55, 0.960488, 0.327594, 0.298646, 1.0, 1.0, 0.95, 0.95, 0.95, 0.95, 0.95, 1.0, 0.95, 0.95, 1.0, 0.95, 0.95, 1.0, 1.0, 1.0, 1.0, 1.0, 1.0, 1.0, 0.95, 0.95, 1.0, 0.95, 0.95, 0.95, 0.314493, 1.0, 0.949975, 0.94995, 0.417803, 0.949615, 0.94949, 0.94933, 0.590144, 0.568489, 0.545936, 0.522551, 9.17023e-08, 5.21003e-08, 0.439158, 2.92242e-08, 6.88508e-12, 2.27209e-12, 1.0, 7.29847e-13, 0.696419, 0.654982, 1.0, 0.777145, 0.731891, 2.2817e-13, 0.58354, 0.949712, 0.949786, 0.949842, 0.94993, 0.300782, 0.949902, 0.949864, 0.949814, 0.287522, 0.949747, 0.949659, 0.949544, 6.8555e-08, 2.08731e-06, 1.27978e-06, 7.74822e-07, 4.63205e-07, 2.73423e-07, 1.59358e-07, 0.356114, 0.341692, 0.949957, 0.94994, 0.949917, 0.949885, 0.326737, 0.949965, 1.0, 0.55, 0.650008, 1.0, 1.0, 1.0, 1.0, 1.0, 1.0, 1.0, 1.0, 1.0, 1.0, 1.0, 0.65, 0.65, 0.65, 1.0, 1.0, 1.0, 1.0, 0.55, 1.0, 0.55, 0.55, 1.0, 1.0, 1.0, 1.0, 1.0, 1.0, 1.0, 1.0, 1.0, 1.0, 1.0, 1.0, 1.0, 1.0, 1.0, 1.0, 1.0, 1.0, 0.55, 0.55, 0.55, 0.550015, 0.550858, 0.56059, 0.554212, 0.573659, 0.594649, 0.599733, 0.599997, 0.6, 1.0, 1.0, 1.0, 0.55, 1.0, 1.0, 1.0, 1.0, 1.0, 1.0, 1.0, 1.0, 1.0, 1.0, 1.0, 1.0, 1.0, 1.0, 1.0, 1.0, 1.0, 1.0, 1.0, 1.0, 1.0, 1.0, 1.0, 1.0, 1.0, 1.0, 1.0, 0.75747, 0.750433, 0.750005, 0.75, 1.0, 1.0, 1.0, 1.0, 1.0, 1.0, 1.0, 1.0, 1.0, 1.0, 1.0, 0.650001, 1.0, 1.0, 1.0, 1.0, 0.0, 0.0, 0.502136, 0.0, 0.0, 0.0, 0.0, 0.0, 0.0, 0.355197, 0.355647, 0.487079, 0.479919, 0.473119, 0.46674, 0.0, 0.460821, 0.455386, 0.0, 0.0, 0.450437, 0.445966, 0.0, 0.999914, 0.99921, 0.993377, 0.850001, 0.85, 0.85, 0.441949, 0.357724, 0.357163, 0.0, 0.35663, 0.356124, 0.0, 0.0, 0.794512, 0.0, 0.0, 0.799976, 0.550297, 0.547443, 0.544455, 0.856326, 0.878209, 0.871908, 0.866285, 0.79994, 0.799854, 0.861515, 0.553226, 0.887609, 0.910749, 0.903805, 0.89709, 0.926398, 0.919731, 0.943054, 0.93917, 0.94905, 0.94812, 0.949946, 0.949862, 0.880996, 0.556464, 0.560235, 0.799991, 0.0, 0.0, 0.0, 0.0, 0.0, 0.0, 0.0, 0.0, 0.799961, 0.8, 0.8, 0.8, 0.8, 0.855335, 0.853155, 0.851743, 0.864215, 0.859759, 0.582619, 0.799999, 0.799997, 0.583155, 0.576207, 0.570037, 0.564721, 0.0, 1.0, 0.347568, 0.0, 0.34752, 0.347471, 0.0, 0.347421, 0.347371, 0.0, 0.969714, 0.935935, 0.911561, 0.85, 0.85, 0.85, 0.301299, 0.301259, 0.301221, 0.0, 0.301184, 0.301147, 0.0, 0.3, 0.0, 0.0, 0.0, 0.0, 0.0, 0.0, 0.0, 0.299894, 0.299805, 0.299816, 0.299827, 0.299836, 0.0, 0.299845, 0.299853, 0.0, 0.29986, 0.299867, 0.0, 0.888963, 0.862208, 0.835234, 0.154425, 0.138801, 0.123639, 0.299873, 0.299879, 0.0, 0.299884, 0.299889, 0.0, 0.299898, 0.0, 0.0, 0.0, 0.505691, 0.503803, 0.502427, 0.799996, 0.501469, 0.500825, 0.500399, 0.95, 0.95, 0.95, 0.95, 0.799987, 0.799966, 0.50011, 0.499892, 0.499694, 0.799913, 0.499474, 0.499198, 0.498835, 0.799795, 0.498355, 0.497727, 0.799999, 0.508165, 0.511256, 0.514939, 0.0, 0.0, 0.0, 0.0, 0.0, 0.0, 0.0, 0.0, 0.0, 0.0, 0.0, 0.95, 0.799988, 0.799917, 0.799801, 0.95, 0.95, 0.95, 0.52702, 0.522418, 0.799555, 0.8, 0.8, 0.519128, 0.799968, 5.46785e-16], "y": [1, 1, 1, 1, 1, 1, 0, 1, 0, 1, 1, 1, 1, 1, 1, 1, 1, 1, 1, 1, 1, 1, 0, 1, 1, 1, 1, 0, 1, 0, 1, 1, 1, 1, 1, 0, 1, 1, 1, 1, 1, 0, 1, 1, 1, 1, 1, 0, 1, 1, 1, 1, 1, 0, 1, 1, 1, 1, 0, 1, 1, 1, 0, 1, 1, 1, 0, 1, 1, 0, 1, 0, 1, 0, 1, 0, 1, 1, 1, 0, 1, 1, 1, 1, 1, 1, 1, 1, 1, 1, 0, 1, 1, 1, 1, 0, 1, 1, 1, 1, 1, 1, 1, 1, 1, 1, 1, 0, 1, 0, 1, 1, 1, 1, 1, 1, 1, 0, 1, 1, 1, 1, 1, 1, 1, 1, 1, 1, 1, 1, 1, 1, 1, 1, 1, 1, 1, 1, 1, 1, 1, 1, 0, 1, 1, 0, 1, 1, 1, 0, 1, 1, 1, 0, 1, 1, 0, 1, 0, 1, 1, 0, 1, 0, 1, 1, 0, 1, 1, 1, 1, 1, 1, 0, 1, 1, 1, 1, 1, 0, 1, 1, 1, 1, 1, 1, 1, 1, 1, 1, 1, 1, 1, 1, 1, 1, 1, 1, 1, 1, 1, 1, 1, 1, 1, 1, 1, 1, 1, 1, 1, 1, 0, 1, 1, 1, 1, 1, 0, 1, 1, 1, 1, 1, 0, 1, 0, 1, 1, 1, 0, 1, 1, 0, 1, 1, 1, 1, 1, 1, 1, 1, 1, 1, 1, 1, 1, 1, 1, 1, 0, 1, 1, 1, 1, 1, 0, 1, 0, 1, 1, 1, 1, 1, 1, 0, 1, 1, 1, 1, 1, 1, 1, 1, 1, 1, 1, 1, 1, 1, 1, 1, 1, 1, 1, 1, 1, 0, 1, 1, 0, 1, 1, 1, 1, 1, 1, 1, 1, 1, 1, 1, 1, 1, 1, 1, 1, 1, 0, 1, 1, 1, 1, 0, 1, 1, 1, 1, 1, 1, 1, 1, 1, 1, 1, 1, 1, 0, 1, 1, 1, 0, 1, 0, 1, 0, 1, 1, 0, 1, 1, 1, 1, 1, 0, 1, 0, 1, 0, 1, 1, 1, 1, 0, 1, 1, 0, 1, 1, 1, 0, 1, 1, 0, 1, 1, 0, 1, 0, 1, 1, 1, 1, 0, 1, 1, 1, 0, 1, 1, 1, 1, 1, 1, 1, 1, 1, 1, 0, 1, 1, 1, 1, 1, 1, 1, 1, 1, 1, 1, 0, 1, 1, 1, 1, 1, 1, 1, 1, 1, 1, 1, 1, 1, 1, 0, 1, 1, 1, 1, 1, 1, 0, 0, 1, 1, 0, 1, 0, 1, 0, 1, 0, 1, 1, 1, 1, 1, 1, 1, 1, 1, 1, 1, 1, 1, 1, 0, 1, 1, 1, 0, 1, 1, 0, 1, 1, 1, 1, 0, 1, 1, 1, 1, 1, 1, 1, 1, 1, 1, 1, 1, 1, 1, 1, 1, 1, 1, 1, 0, 1, 1, 1, 1, 1, 1, 0, 1, 1, 1, 0, 0, 1, 1, 1, 1, 1, 1, 1, 1, 1, 1, 1, 1, 1, 1, 1, 1, 1, 1, 1, 1, 1, 1, 1, 1, 1, 1, 1, 0, 1, 1, 1, 1, 1, 1, 1, 1, 1, 0, 1, 1, 1, 1, 1, 1, 1, 1, 1, 1, 1, 1, 1, 1, 1, 1, 1, 1, 1, 1, 1, 1, 0, 1, 1, 1, 0, 1, 1, 1, 1, 1, 1, 1, 1, 1, 1, 0, 1, 1, 0, 1, 0, 1, 1]}], "model": {"X_file": "data/geometry/X-swf.npz", "iter": 20, "d": 5, "subset": 0}, "mu": 24.3969, "folds": "strong"}