{"predictions": [{"fold": 0, "pred": [0.997791, 0.992601, 0.981838, 0.800979, 0.789441, 1.0, 0.999161, 0.989795, 0.99976, 0.99876, 0.995409, 0.987467, 0.973697, 0.772777, 0.757613, 0.996559, 1.0, 1.0, 1.0, 1.0, 0.999362, 1.0, 1.0, 1.0, 1.0, 1.0, 1.0, 1.0, 1.0, 1.0, 1.0, 1.0, 1.0, 1.0, 1.0, 1.0, 1.0, 1.0, 1.0, 1.0, 1.0, 1.0, 1.0, 1.0, 1.0, 1.0, 1.0, 1.0, 1.0, 1.0, 1.0, 1.0, 1.0, 1.0, 1.0, 1.0, 1.0, 1.0, 1.0, 1.0, 1.0, 1.0, 1.0, 1.0, 1.0, 1.0, 1.0, 1.0, 1.0, 1.0, 1.0, 1.0, 1.0, 1.0, 1.0, 0.250001, 0.25, 0.25, 0.9, 0.935282, 0.949824, 0.921982, 0.95, 0.95, 0.95, 0.95, 0.95, 0.95, 0.95, 0.95, 0.876949, 0.862684, 0.850699, 0.83935, 1.0, 1.0, 1.0, 1.0, 1.0, 1.0, 1.0, 0.95, 0.95, 0.95, 0.95, 0.95, 0.949999, 0.897227, 0.879157, 0.96234, 0.943169, 0.25, 0.9, 0.25, 0.25, 0.55, 0.549998, 0.55, 0.55, 0.959319, 0.937529, 0.55, 0.549998, 0.549964, 0.908427, 0.9, 0.9, 0.9, 0.9, 0.873091, 0.9, 0.9, 0.9, 0.9, 0.9, 0.9, 0.54965, 0.547908, 0.542099, 0.530425, 0.516286, 0.50596, 0.450579, 0.835277, 0.9, 0.9, 0.9, 0.25, 0.752201, 0.898948, 0.86357, 0.826159, 0.792892, 0.968457, 0.952175, 0.929827, 0.55, 0.55, 0.55, 0.55, 0.55, 0.95, 0.949999, 0.998826, 0.996807, 0.99269, 0.95, 0.95, 0.949945, 0.941782, 0.985609, 0.906664, 0.900035, 0.9, 0.9, 0.974827, 0.25, 0.991409, 1.0, 1.0, 1.0, 0.9, 0.786634, 0.75071, 0.891434, 0.912161, 0.9, 0.9, 0.9, 0.9, 0.9, 0.982993, 0.9, 0.9, 0.970138, 0.9, 0.9, 0.953064, 1.0, 1.0, 1.0, 1.0, 1.0, 1.0, 0.9, 0.9, 0.933131, 0.9, 0.9, 0.9, 0.767103, 0.899206, 0.9, 0.9, 0.993319, 0.9, 0.9, 0.9, 0.950838, 0.949999, 0.949993, 0.949968, 0.500001, 0.5, 0.9973, 0.5, 0.995072, 0.985043, 0.899275, 0.968361, 0.473229, 0.436397, 0.895438, 0.504517, 0.496025, 0.948217, 0.363195, 0.9, 0.9, 0.9, 0.9, 0.756605, 0.9, 0.9, 0.9, 0.752016, 0.9, 0.9, 0.9, 0.501413, 0.530393, 0.516457, 0.506168, 0.501522, 0.50024, 0.500024, 0.91534, 0.878748, 0.9, 0.9, 0.9, 0.9, 0.840873, 0.9, 0.820727, 1.0, 1.0, 1.0, 1.0, 1.0, 1.0, 1.0, 1.0, 1.0, 1.0, 1.0, 1.0, 1.0, 1.0, 1.0, 1.0, 1.0, 1.0, 1.0, 1.0, 1.0, 1.0, 1.0, 1.0, 1.0, 1.0, 1.0, 1.0, 1.0, 1.0, 1.0, 1.0, 1.0, 1.0, 1.0, 1.0, 1.0, 1.0, 1.0, 1.0, 1.0, 1.0, 1.0, 1.0, 1.0, 1.0, 1.0, 1.0, 1.0, 1.0, 1.0, 1.0, 1.0, 1.0, 1.0, 1.0, 1.0, 1.0, 1.0, 1.0, 1.0, 1.0, 1.0, 1.0, 1.0, 1.0, 1.0, 1.0, 1.0, 1.0, 1.0, 1.0, 1.0, 1.0, 1.0, 1.0, 1.0, 1.0, 1.0, 1.0, 1.0, 1.0, 1.0, 1.0, 1.0, 1.0, 1.0, 1.0, 1.0, 1.0, 1.0, 1.0, 1.0, 1.0, 1.0, 1.0, 1.0, 1.0, 1.0, 1.0, 1.0, 1.0, 1.0, 1.0, 1.0, 0.65, 0.65, 0.748561, 0.7, 0.7, 0.7, 0.7, 0.7, 0.62604, 0.595478, 0.599353, 0.715138, 0.70512, 0.701097, 0.700086, 0.649994, 0.699002, 0.692696, 0.649991, 0.649897, 0.676038, 0.657932, 0.649241, 1.0, 1.0, 1.0, 1.0, 1.0, 1.0, 0.648133, 0.672322, 0.644401, 0.6464, 0.617059, 0.603643, 0.638768, 0.7, 0.899399, 0.7, 0.7, 0.700014, 0.636735, 0.622859, 0.609993, 0.850024, 0.85, 0.85, 0.85, 0.7, 0.7, 0.85, 0.645668, 0.85, 0.85, 0.85, 0.85, 0.85, 0.85, 0.85, 0.85, 0.849962, 0.84864, 0.800019, 0.8, 0.85, 0.649099, 0.649884, 0.700273, 0.7, 0.7, 0.7, 0.7, 0.7, 0.7, 0.7, 0.7, 0.749977, 0.749889, 0.74871, 0.742637, 0.727981, 0.9, 0.9, 0.9, 0.870017, 0.85188, 0.65, 0.711358, 0.702492, 0.65, 0.65, 0.65, 0.649991, 0.7, 0.691244, 0.55, 0.599998, 0.55, 0.55, 0.599984, 0.55, 0.55, 0.599894, 1.0, 1.0, 1.0, 1.0, 1.0, 1.0, 0.55, 0.55, 0.55, 0.599465, 0.55, 0.549999, 0.59796, 0.54999, 0.7, 0.7, 0.7, 0.7, 0.7, 0.7, 0.453866, 0.30359, 0.49709, 0.494131, 0.489143, 0.481298, 0.515231, 0.469684, 0.45338, 0.497869, 0.431779, 0.405336, 0.481791, 1.0, 1.0, 1.0, 0.9, 0.9, 0.9, 0.376392, 0.348975, 0.468692, 0.327025, 0.31226, 0.459375, 0.29832, 0.7, 0.7, 0.7, 0.600005, 0.6, 0.6, 0.600002, 0.6, 0.6, 0.6, 0.7, 0.7, 0.7, 0.7, 0.6, 0.6, 0.6, 0.6, 0.6, 0.6, 0.6, 0.6, 0.6, 0.6, 0.6, 0.6, 0.600035, 0.600067, 0.600573, 0.603039, 0.7, 0.7, 0.7, 0.7, 0.7, 0.7, 0.7, 0.7, 0.7, 0.7, 0.7, 0.7, 0.624431, 0.60311, 0.60055, 0.7, 0.7, 0.7, 0.607014, 0.601765, 0.600058, 0.602261, 0.600363, 0.610278, 0.610847, 0.00696053], "y": [1, 1, 1, 1, 1, 1, 0, 1, 0, 1, 1, 1, 1, 1, 1, 1, 1, 1, 1, 1, 1, 1, 0, 1, 1, 1, 1, 0, 1, 0, 1, 1, 1, 1, 1, 0, 1, 1, 1, 1, 1, 0, 1, 1, 1, 1, 1, 0, 1, 1, 1, 1, 1, 0, 1, 1, 1, 1, 0, 1, 1, 1, 0, 1, 1, 1, 0, 1, 1, 0, 1, 0, 1, 0, 1, 0, 1, 1, 1, 0, 1, 1, 1, 1, 1, 1, 1, 1, 1, 1, 0, 1, 1, 1, 1, 0, 1, 1, 1, 1, 1, 1, 1, 1, 1, 1, 1, 0, 1, 0, 1, 1, 1, 1, 1, 1, 1, 0, 1, 1, 1, 1, 1, 1, 1, 1, 1, 1, 1, 1, 1, 1, 1, 1, 1, 1, 1, 1, 1, 1, 1, 1, 0, 1, 1, 0, 1, 1, 1, 0, 1, 1, 1, 0, 1, 1, 0, 1, 0, 1, 1, 0, 1, 0, 1, 1, 0, 1, 1, 1, 1, 1, 1, 0, 1, 1, 1, 1, 1, 0, 1, 1, 1, 1, 1, 1, 1, 1, 1, 1, 1, 1, 1, 1, 1, 1, 1, 1, 1, 1, 1, 1, 1, 1, 1, 1, 1, 1, 1, 1, 1, 1, 0, 1, 1, 1, 1, 1, 0, 1, 1, 1, 1, 1, 0, 1, 0, 1, 1, 1, 0, 1, 1, 0, 1, 1, 1, 1, 1, 1, 1, 1, 1, 1, 1, 1, 1, 1, 1, 1, 0, 1, 1, 1, 1, 1, 0, 1, 0, 1, 1, 1, 1, 1, 1, 0, 1, 1, 1, 1, 1, 1, 1, 1, 1, 1, 1, 1, 1, 1, 1, 1, 1, 1, 1, 1, 1, 0, 1, 1, 0, 1, 1, 1, 1, 1, 1, 1, 1, 1, 1, 1, 1, 1, 1, 1, 1, 1, 0, 1, 1, 1, 1, 0, 1, 1, 1, 1, 1, 1, 1, 1, 1, 1, 1, 1, 1, 0, 1, 1, 1, 0, 1, 0, 1, 0, 1, 1, 0, 1, 1, 1, 1, 1, 0, 1, 0, 1, 0, 1, 1, 1, 1, 0, 1, 1, 0, 1, 1, 1, 0, 1, 1, 0, 1, 1, 0, 1, 0, 1, 1, 1, 1, 0, 1, 1, 1, 0, 1, 1, 1, 1, 1, 1, 1, 1, 1, 1, 0, 1, 1, 1, 1, 1, 1, 1, 1, 1, 1, 1, 0, 1, 1, 1, 1, 1, 1, 1, 1, 1, 1, 1, 1, 1, 1, 0, 1, 1, 1, 1, 1, 1, 0, 0, 1, 1, 0, 1, 0, 1, 0, 1, 0, 1, 1, 1, 1, 1, 1, 1, 1, 1, 1, 1, 1, 1, 1, 0, 1, 1, 1, 0, 1, 1, 0, 1, 1, 1, 1, 0, 1, 1, 1, 1, 1, 1, 1, 1, 1, 1, 1, 1, 1, 1, 1, 1, 1, 1, 1, 0, 1, 1, 1, 1, 1, 1, 0, 1, 1, 1, 0, 0, 1, 1, 1, 1, 1, 1, 1, 1, 1, 1, 1, 1, 1, 1, 1, 1, 1, 1, 1, 1, 1, 1, 1, 1, 1, 1, 1, 0, 1, 1, 1, 1, 1, 1, 1, 1, 1, 0, 1, 1, 1, 1, 1, 1, 1, 1, 1, 1, 1, 1, 1, 1, 1, 1, 1, 1, 1, 1, 1, 1, 0, 1, 1, 1, 0, 1, 1, 1, 1, 1, 1, 1, 1, 1, 1, 0, 1, 1, 0, 1, 0, 1, 1]}], "model": {"X_file": "data/geometry/X-swf.npz", "iter": 20, "d": 20, "subset": 0}, "mu": 178.788, "folds": "strong"}