{"predictions": [{"fold": 0, "pred": [0.714664, 0.718923, 0.722982, 0.0123804, 0.00533984, 0.852561, 0.722322, 0.730385, 0.728692, 0.732722, 0.736512, 0.740071, 0.743414, 1.67065e-09, 7.76588e-12, 0.726465, 0.738322, 0.850028, 0.850004, 0.85, 0.696611, 2.72108e-07, 0.404849, 0.361132, 0.302182, 0.0, 0.733316, 0.749476, 0.747611, 0.749775, 0.748795, 0.749914, 0.749997, 0.75, 0.745728, 0.0, 0.0, 0.0, 0.0, 0.0, 0.0, 0.0, 0.0, 0.0, 0.0, 0.0, 0.0, 0.0, 0.0, 0.0, 0.0, 0.0, 0.0, 0.0, 0.0, 0.0, 0.114037, 0.1, 1.83187e-16, 4.16334e-17, 0.11031, 0.1, 0.435345, 0.416316, 0.0480377, 9.20097e-15, 0.0965059, 0.0894595, 1.85796e-14, 0.42955, 0.41286, 0.266298, 0.194382, 0.0123165, 0.00964829, 0.852539, 0.841118, 0.825695, 1.0, 1.0, 1.0, 0.947878, 1.0, 1.0, 1.0, 1.0, 1.0, 1.0, 1.0, 1.0, 0.9, 0.9, 0.9, 0.9, 0.839106, 0.837683, 0.828448, 0.815272, 0.85, 0.85, 0.85, 1.0, 1.0, 1.0, 1.0, 1.0, 1.0, 0.9, 0.9, 0.935577, 0.943648, 0.805382, 0.885478, 0.779475, 0.709941, 0.343286, 0.322992, 0.448636, 0.405955, 1.0, 1.0, 0.37252, 0.349333, 0.332169, 1.0, 0.881286, 0.882346, 0.883351, 0.88017, 1.0, 0.884303, 0.885202, 0.88605, 0.886847, 0.887596, 0.888298, 0.317933, 0.306648, 0.29779, 0.288863, 0.277972, 0.265697, 0.800018, 1.0, 0.878999, 0.877771, 0.884708, 0.667105, 1.0, 1.0, 1.0, 1.0, 1.0, 1.0, 1.0, 1.0, 0.307729, 0.284207, 0.462667, 0.411013, 0.371274, 0.872018, 0.876197, 1.0, 1.0, 1.0, 0.880406, 0.882569, 0.884323, 0.885746, 1.0, 0.886912, 0.887885, 0.88274, 0.883755, 1.0, 0.747619, 0.95, 1.74794e-05, 0.000151963, 6.96922e-05, 0.87987, 1.0, 1.0, 0.95, 0.95, 1.0, 1.0, 1.0, 1.0, 1.0, 0.95, 1.0, 1.0, 0.95, 1.0, 1.0, 0.95, 0.798371, 0.778776, 0.75792, 0.858366, 0.86033, 0.862544, 1.0, 1.0, 0.95, 1.0, 1.0, 1.0, 1.0, 0.9, 0.872452, 0.878564, 1.0, 0.931569, 0.932518, 0.93342, 1.0, 1.0, 1.0, 1.0, 0.263044, 0.25377, 1.0, 0.245715, 1.0, 1.0, 0.9, 1.0, 0.899992, 0.899998, 0.9, 0.9, 0.9, 1.0, 0.894854, 0.930572, 0.929522, 0.928408, 0.882983, 1.0, 0.888468, 0.894904, 0.901954, 1.0, 0.909115, 0.91584, 0.921686, 0.27565, 0.314581, 0.305502, 0.299248, 0.293109, 0.284658, 0.273929, 1.0, 1.0, 0.922243, 0.924252, 0.925851, 0.927203, 1.0, 0.875123, 0.9, 0.00218035, 3.05311e-17, 0.0, 0.00574292, 0.00441967, 0.0, 0.0, 0.0, 0.0, 0.0, 0.0, 0.0, 0.0, 0.0, 0.0, 0.0, 0.224158, 0.242601, 0.257854, 0.00337661, 0.00118778, 0.650004, 0.00544171, 0.00178114, 0.000942691, 0.000146504, 2.75006e-05, 4.2299e-06, 5.31596e-07, 5.44602e-08, 0.650091, 0.00116858, 0.00177506, 0.00217502, 0.00265467, 0.00322733, 0.00390788, 0.00471289, 0.00144303, 0.651075, 0.656352, 6.98522e-08, 0.000955215, 0.00455719, 0.0026233, 0.00144664, 0.000763827, 0.000385972, 0.0021513, 0.00116828, 0.000607379, 0.000302184, 0.000143836, 6.54922e-05, 3.36702e-05, 5.26357e-06, 6.71839e-07, 0.00318044, 2.43124e-10, 4.57371e-09, 0.752627, 7.31997e-09, 1.83353e-08, 9.69608e-12, 1.74815e-11, 3.12555e-11, 5.5417e-11, 8.77631e-15, 1.79634e-14, 0.0, 2.77556e-18, 0.0, 1.16282e-08, 0.0958329, 0.109168, 0.123664, 0.00120327, 0.00143395, 0.00170141, 0.00201007, 0.416552, 0.402281, 0.786767, 0.784391, 4.51355e-05, 8.98843e-09, 3.02665e-09, 9.79629e-10, 3.04746e-10, 5.87979e-05, 7.6172e-05, 9.81371e-05, 5.9162e-07, 8.53226e-07, 1.22249e-06, 1.74017e-06, 2.83654e-09, 0.274954, 0.257727, 0.0140176, 0.090005, 0.946696, 0.959939, 0.0757412, 0.112856, 1.0, 1.0, 1.0, 0.976967, 0.967537, 0.926309, 0.911094, 0.941897, 1.0, 1.0, 1.0, 1.0, 1.0, 1.0, 1.0, 1.0, 1.0, 1.0, 1.0, 1.0, 1.0, 1.0, 1.0, 0.356559, 0.352302, 0.350638, 0.948734, 0.948562, 0.94837, 1.0, 1.0, 1.0, 1.0, 1.0, 1.0, 1.0, 0.895282, 0.931839, 0.879023, 0.844898, 1.0, 0.879527, 0.880877, 0.882226, 1.0, 1.0, 1.0, 1.0, 1.0, 1.0, 1.0, 0.87818, 1.0, 1.0, 1.0, 1.0, 1.0, 1.0, 1.0, 1.0, 1.0, 1.0, 1.0, 1.0, 1.0, 0.876836, 0.875498, 1.0, 0.826492, 0.806663, 0.785039, 0.761407, 0.735825, 0.708674, 0.680651, 0.652674, 1.0, 1.0, 1.0, 1.0, 1.0, 1.0, 1.0, 1.0, 1.0, 1.0, 0.887317, 1.0, 1.0, 0.870229, 0.871531, 0.872844, 0.874167, 0.862295, 0.352854, 1.0, 1.0, 1.0, 1.0, 1.0, 1.0, 1.0, 1.0, 0.350138, 0.350023, 0.350003, 0.94545, 0.944956, 0.944421, 1.0, 1.0, 1.0, 1.0, 1.0, 1.0, 1.0, 1.0, 0.508028, 0.536247, 0.525313, 0.552162, 0.5249, 0.537929, 1.0, 1.0, 1.0, 1.0, 1.0, 1.0, 1.0, 1.0, 1.0, 1.0, 1.0, 1.0, 1.0, 0.35, 0.349999, 0.349996, 0.736307, 0.732173, 0.728029, 1.0, 1.0, 1.0, 1.0, 1.0, 1.0, 1.0, 0.57199, 0.554246, 0.53963, 0.836318, 0.837408, 0.838514, 1.0, 0.839635, 0.840781, 0.842007, 1.0, 1.0, 1.0, 1.0, 1.0, 1.0, 0.843537, 0.846024, 0.850689, 1.0, 0.858736, 0.869952, 0.882018, 1.0, 0.891972, 0.898424, 1.0, 0.83524, 0.834176, 0.833122, 0.527997, 0.519023, 0.512269, 0.529362, 0.520085, 0.513101, 0.507928, 0.521157, 0.51393, 0.508594, 0.504656, 1.0, 1.0, 1.0, 1.0, 1.0, 1.0, 1.0, 0.849362, 0.85054, 1.0, 1.0, 1.0, 0.832079, 1.0, 0.281845], "y": [1, 1, 1, 1, 1, 1, 0, 1, 0, 1, 1, 1, 1, 1, 1, 1, 1, 1, 1, 1, 1, 1, 0, 1, 1, 1, 1, 0, 1, 0, 1, 1, 1, 1, 1, 0, 1, 1, 1, 1, 1, 0, 1, 1, 1, 1, 1, 0, 1, 1, 1, 1, 1, 0, 1, 1, 1, 1, 0, 1, 1, 1, 0, 1, 1, 1, 0, 1, 1, 0, 1, 0, 1, 0, 1, 0, 1, 1, 1, 0, 1, 1, 1, 1, 1, 1, 1, 1, 1, 1, 0, 1, 1, 1, 1, 0, 1, 1, 1, 1, 1, 1, 1, 1, 1, 1, 1, 0, 1, 0, 1, 1, 1, 1, 1, 1, 1, 0, 1, 1, 1, 1, 1, 1, 1, 1, 1, 1, 1, 1, 1, 1, 1, 1, 1, 1, 1, 1, 1, 1, 1, 1, 0, 1, 1, 0, 1, 1, 1, 0, 1, 1, 1, 0, 1, 1, 0, 1, 0, 1, 1, 0, 1, 0, 1, 1, 0, 1, 1, 1, 1, 1, 1, 0, 1, 1, 1, 1, 1, 0, 1, 1, 1, 1, 1, 1, 1, 1, 1, 1, 1, 1, 1, 1, 1, 1, 1, 1, 1, 1, 1, 1, 1, 1, 1, 1, 1, 1, 1, 1, 1, 1, 0, 1, 1, 1, 1, 1, 0, 1, 1, 1, 1, 1, 0, 1, 0, 1, 1, 1, 0, 1, 1, 0, 1, 1, 1, 1, 1, 1, 1, 1, 1, 1, 1, 1, 1, 1, 1, 1, 0, 1, 1, 1, 1, 1, 0, 1, 0, 1, 1, 1, 1, 1, 1, 0, 1, 1, 1, 1, 1, 1, 1, 1, 1, 1, 1, 1, 1, 1, 1, 1, 1, 1, 1, 1, 1, 0, 1, 1, 0, 1, 1, 1, 1, 1, 1, 1, 1, 1, 1, 1, 1, 1, 1, 1, 1, 1, 0, 1, 1, 1, 1, 0, 1, 1, 1, 1, 1, 1, 1, 1, 1, 1, 1, 1, 1, 0, 1, 1, 1, 0, 1, 0, 1, 0, 1, 1, 0, 1, 1, 1, 1, 1, 0, 1, 0, 1, 0, 1, 1, 1, 1, 0, 1, 1, 0, 1, 1, 1, 0, 1, 1, 0, 1, 1, 0, 1, 0, 1, 1, 1, 1, 0, 1, 1, 1, 0, 1, 1, 1, 1, 1, 1, 1, 1, 1, 1, 0, 1, 1, 1, 1, 1, 1, 1, 1, 1, 1, 1, 0, 1, 1, 1, 1, 1, 1, 1, 1, 1, 1, 1, 1, 1, 1, 0, 1, 1, 1, 1, 1, 1, 0, 0, 1, 1, 0, 1, 0, 1, 0, 1, 0, 1, 1, 1, 1, 1, 1, 1, 1, 1, 1, 1, 1, 1, 1, 0, 1, 1, 1, 0, 1, 1, 0, 1, 1, 1, 1, 0, 1, 1, 1, 1, 1, 1, 1, 1, 1, 1, 1, 1, 1, 1, 1, 1, 1, 1, 1, 0, 1, 1, 1, 1, 1, 1, 0, 1, 1, 1, 0, 0, 1, 1, 1, 1, 1, 1, 1, 1, 1, 1, 1, 1, 1, 1, 1, 1, 1, 1, 1, 1, 1, 1, 1, 1, 1, 1, 1, 0, 1, 1, 1, 1, 1, 1, 1, 1, 1, 0, 1, 1, 1, 1, 1, 1, 1, 1, 1, 1, 1, 1, 1, 1, 1, 1, 1, 1, 1, 1, 1, 1, 0, 1, 1, 1, 0, 1, 1, 1, 1, 1, 1, 1, 1, 1, 1, 0, 1, 1, 0, 1, 0, 1, 1]}], "model": {"X_file": "data/geometry/X-swf.npz", "iter": 20, "d": 10, "subset": 0}, "mu": -19.5836, "folds": "strong"}