{"predictions": [{"fold": 0, "pred": [0.459879, 0.42995, 0.401615, 7.33888e-05, 3.87209e-05, 1.0, 0.499584, 0.435924, 0.548682, 0.510641, 0.476344, 0.444655, 0.414855, 0.961336, 0.957456, 0.466611, 0.800505, 1.0, 1.0, 1.0, 0.950622, 1.0, 1.0, 1.0, 1.0, 1.0, 0.999424, 0.999666, 0.999397, 0.999538, 0.999182, 0.999369, 0.999517, 0.999633, 0.999559, 1.0, 1.0, 1.0, 1.0, 1.0, 1.0, 1.0, 1.0, 1.0, 1.0, 1.0, 1.0, 1.0, 1.0, 1.0, 1.0, 1.0, 1.0, 1.0, 1.0, 1.0, 1.0, 1.0, 1.0, 1.0, 1.0, 1.0, 1.0, 1.0, 1.0, 1.0, 1.0, 1.0, 1.0, 1.0, 1.0, 1.0, 1.0, 1.0, 1.0, 1.0, 1.0, 1.0, 0.899665, 0.900544, 0.909217, 0.859305, 0.949597, 0.949292, 0.948783, 0.94797, 0.946742, 0.944982, 0.942593, 0.939524, 0.833505, 0.824121, 0.814568, 0.804875, 1.0, 1.0, 1.0, 1.0, 1.0, 1.0, 1.0, 0.935794, 0.931504, 0.926835, 0.922027, 0.91734, 0.91301, 0.84628, 0.837152, 0.876156, 0.867893, 1.0, 0.998582, 1.0, 1.0, 0.935455, 0.929431, 0.945569, 0.94, 0.999963, 0.999953, 0.934146, 0.928025, 0.921658, 0.99994, 0.999766, 0.999518, 0.999052, 0.999891, 0.999925, 0.998215, 0.996783, 0.994443, 0.990782, 0.985297, 0.977409, 0.915068, 0.908281, 0.901324, 0.894226, 0.887015, 0.879721, 0.0955906, 0.999906, 0.999952, 0.99998, 0.994073, 1.0, 0.946844, 0.998488, 0.997857, 0.996885, 0.995419, 0.999844, 0.999804, 0.999756, 0.942399, 0.936736, 0.951864, 0.946687, 0.941212, 0.87824, 0.841717, 0.999989, 0.999986, 0.999982, 0.990798, 0.984963, 0.976417, 0.964438, 0.999977, 0.948321, 0.927455, 0.998134, 0.996601, 0.999971, 1.0, 0.862597, 0.515253, 0.500697, 0.50612, 0.999996, 0.999979, 0.999723, 0.81696, 0.82539, 0.881958, 0.899295, 0.899127, 0.898904, 0.898602, 0.85584, 0.898191, 0.897632, 0.848735, 0.896878, 0.895878, 0.841287, 1.0, 1.0, 0.999928, 1.0, 1.0, 1.0, 0.894573, 0.892909, 0.833503, 0.890838, 0.888326, 0.885361, 0.999973, 1.15533e-11, 1.0, 1.0, 1.0, 0.999999, 0.999999, 0.999996, 1.0, 1.0, 1.0, 1.0, 0.845339, 0.83786, 1.0, 0.830443, 0.667239, 0.663721, 3.59007e-13, 0.660275, 0.557154, 0.542535, 2.40086e-14, 0.671373, 0.657692, 0.656899, 0.484996, 1.0, 1.0, 1.0, 1.0, 0.999967, 1.0, 1.0, 1.0, 0.999958, 0.999999, 0.999998, 0.999995, 0.870181, 0.890354, 0.882958, 0.875484, 0.867958, 0.860409, 0.852862, 0.999999, 0.999999, 1.0, 1.0, 1.0, 1.0, 0.999998, 1.0, 5.52336e-15, 0.498211, 1.0, 1.0, 1.0, 1.0, 1.0, 1.0, 1.0, 1.0, 1.0, 1.0, 1.0, 1.0, 1.0, 1.0, 1.0, 1.0, 1.0, 1.0, 1.0, 0.500629, 0.999321, 0.493235, 0.501496, 1.0, 1.0, 1.0, 1.0, 1.0, 1.0, 0.999476, 1.0, 1.0, 1.0, 1.0, 1.0, 1.0, 1.0, 1.0, 0.9996, 0.999696, 1.0, 0.50914, 0.49993, 0.502868, 0.513529, 0.531902, 0.54532, 0.518671, 0.536948, 0.547304, 0.550228, 0.553955, 0.566365, 1.0, 1.0, 1.0, 0.499282, 1.0, 1.0, 1.0, 1.0, 1.0, 1.0, 1.0, 1.0, 1.0, 1.0, 1.0, 1.0, 1.0, 1.0, 1.0, 1.0, 1.0, 1.0, 1.0, 1.0, 1.0, 1.0, 1.0, 1.0, 1.0, 1.0, 1.0, 1.0, 1.0, 1.0, 1.0, 1.0, 1.0, 1.0, 1.0, 1.0, 1.0, 1.0, 1.0, 1.0, 1.0, 1.0, 0.550537, 1.0, 1.0, 0.85, 0.85, 0.641826, 0.637888, 0.671422, 0.00262642, 0.0111327, 0.00122716, 0.00517935, 0.00451947, 0.622276, 0.638929, 0.64284, 0.664166, 0.660254, 0.656181, 0.651971, 0.633851, 0.64765, 0.643243, 0.639897, 0.63667, 0.638778, 0.634279, 0.633306, 0.825379, 0.805093, 0.800261, 1.0, 1.0, 1.0, 0.62977, 0.658164, 0.654426, 0.62979, 0.65061, 0.646741, 0.626113, 0.0164153, 1.0, 0.0405888, 0.141416, 1.0, 1.0, 1.0, 1.0, 0.688493, 0.70942, 0.70018, 0.690308, 1.0, 1.0, 0.679802, 1.0, 0.701322, 0.710491, 0.700242, 0.689006, 0.696977, 0.682895, 0.678512, 0.665026, 0.672024, 0.660546, 0.669864, 0.657127, 0.691191, 1.0, 1.0, 1.0, 0.213698, 0.287744, 0.352135, 0.404085, 0.448929, 0.489871, 0.522316, 0.541143, 1.0, 1.0, 1.0, 1.0, 1.0, 0.704904, 0.695748, 0.686024, 0.707409, 0.698248, 1.0, 1.0, 1.0, 1.0, 1.0, 1.0, 1.0, 0.082039, 0.881726, 0.642976, 0.602872, 0.639504, 0.636065, 0.59964, 0.632673, 0.629342, 0.596452, 0.800003, 0.8, 0.8, 1.0, 1.0, 1.0, 0.653222, 0.650081, 0.64693, 0.593317, 0.643784, 0.640659, 0.590239, 0.659412, 0.610434, 0.44216, 0.452197, 0.400303, 0.555696, 0.425905, 0.565553, 0.619015, 0.647413, 0.644877, 0.642349, 0.639835, 0.575722, 0.637341, 0.634875, 0.573604, 0.632443, 0.630054, 0.571521, 0.8, 0.8, 0.8, 0.978116, 0.971026, 0.962463, 0.627714, 0.625433, 0.569479, 0.623218, 0.621077, 0.567488, 0.61704, 0.339965, 0.371336, 0.400988, 1.0, 1.0, 1.0, 1.0, 1.0, 1.0, 1.0, 0.287743, 0.27634, 0.265121, 0.254121, 1.0, 1.0, 1.0, 1.0, 1.0, 1.0, 1.0, 1.0, 1.0, 1.0, 1.0, 1.0, 1.0, 1.0, 1.0, 1.0, 0.426367, 0.442147, 0.449933, 0.401368, 0.426633, 0.442133, 0.44924, 0.401459, 0.426697, 0.442074, 0.448757, 0.243371, 1.0, 1.0, 1.0, 0.291634, 0.280003, 0.268514, 1.0, 1.0, 1.0, 1.0, 1.0, 1.0, 1.0, 1.0], "y": [1, 1, 1, 1, 1, 1, 0, 1, 0, 1, 1, 1, 1, 1, 1, 1, 1, 1, 1, 1, 1, 1, 0, 1, 1, 1, 1, 0, 1, 0, 1, 1, 1, 1, 1, 0, 1, 1, 1, 1, 1, 0, 1, 1, 1, 1, 1, 0, 1, 1, 1, 1, 1, 0, 1, 1, 1, 1, 0, 1, 1, 1, 0, 1, 1, 1, 0, 1, 1, 0, 1, 0, 1, 0, 1, 0, 1, 1, 1, 0, 1, 1, 1, 1, 1, 1, 1, 1, 1, 1, 0, 1, 1, 1, 1, 0, 1, 1, 1, 1, 1, 1, 1, 1, 1, 1, 1, 0, 1, 0, 1, 1, 1, 1, 1, 1, 1, 0, 1, 1, 1, 1, 1, 1, 1, 1, 1, 1, 1, 1, 1, 1, 1, 1, 1, 1, 1, 1, 1, 1, 1, 1, 0, 1, 1, 0, 1, 1, 1, 0, 1, 1, 1, 0, 1, 1, 0, 1, 0, 1, 1, 0, 1, 0, 1, 1, 0, 1, 1, 1, 1, 1, 1, 0, 1, 1, 1, 1, 1, 0, 1, 1, 1, 1, 1, 1, 1, 1, 1, 1, 1, 1, 1, 1, 1, 1, 1, 1, 1, 1, 1, 1, 1, 1, 1, 1, 1, 1, 1, 1, 1, 1, 0, 1, 1, 1, 1, 1, 0, 1, 1, 1, 1, 1, 0, 1, 0, 1, 1, 1, 0, 1, 1, 0, 1, 1, 1, 1, 1, 1, 1, 1, 1, 1, 1, 1, 1, 1, 1, 1, 0, 1, 1, 1, 1, 1, 0, 1, 0, 1, 1, 1, 1, 1, 1, 0, 1, 1, 1, 1, 1, 1, 1, 1, 1, 1, 1, 1, 1, 1, 1, 1, 1, 1, 1, 1, 1, 0, 1, 1, 0, 1, 1, 1, 1, 1, 1, 1, 1, 1, 1, 1, 1, 1, 1, 1, 1, 1, 0, 1, 1, 1, 1, 0, 1, 1, 1, 1, 1, 1, 1, 1, 1, 1, 1, 1, 1, 0, 1, 1, 1, 0, 1, 0, 1, 0, 1, 1, 0, 1, 1, 1, 1, 1, 0, 1, 0, 1, 0, 1, 1, 1, 1, 0, 1, 1, 0, 1, 1, 1, 0, 1, 1, 0, 1, 1, 0, 1, 0, 1, 1, 1, 1, 0, 1, 1, 1, 0, 1, 1, 1, 1, 1, 1, 1, 1, 1, 1, 0, 1, 1, 1, 1, 1, 1, 1, 1, 1, 1, 1, 0, 1, 1, 1, 1, 1, 1, 1, 1, 1, 1, 1, 1, 1, 1, 0, 1, 1, 1, 1, 1, 1, 0, 0, 1, 1, 0, 1, 0, 1, 0, 1, 0, 1, 1, 1, 1, 1, 1, 1, 1, 1, 1, 1, 1, 1, 1, 0, 1, 1, 1, 0, 1, 1, 0, 1, 1, 1, 1, 0, 1, 1, 1, 1, 1, 1, 1, 1, 1, 1, 1, 1, 1, 1, 1, 1, 1, 1, 1, 0, 1, 1, 1, 1, 1, 1, 0, 1, 1, 1, 0, 0, 1, 1, 1, 1, 1, 1, 1, 1, 1, 1, 1, 1, 1, 1, 1, 1, 1, 1, 1, 1, 1, 1, 1, 1, 1, 1, 1, 0, 1, 1, 1, 1, 1, 1, 1, 1, 1, 0, 1, 1, 1, 1, 1, 1, 1, 1, 1, 1, 1, 1, 1, 1, 1, 1, 1, 1, 1, 1, 1, 1, 0, 1, 1, 1, 0, 1, 1, 1, 1, 1, 1, 1, 1, 1, 1, 0, 1, 1, 0, 1, 0, 1, 1]}], "model": {"X_file": "data/geometry/X-swf.npz", "iter": 20, "d": 20, "subset": 0}, "mu": 38.9343, "folds": "strong"}