{"predictions": [{"fold": 0, "pred": [0.847254, 0.746741, 0.874129, 0.826988, 0.841388, 0.889113, 0.856631, 0.856631, 0.836505, 0.857707, 0.851069, 0.802505, 0.879809, 0.869878, 0.86545, 0.838292, 0.826565, 0.87041, 0.841615, 0.833683, 0.831767, 0.865587, 0.877933, 0.857396, 0.848967, 0.790928, 0.810905, 0.863658, 0.876586, 0.774581, 0.691928, 0.691928, 0.831986, 0.713815, 0.713815, 0.81795, 0.779027, 0.81202, 0.80906, 0.838788, 0.815337, 0.802844, 0.831986, 0.829776, 0.863791, 0.834255, 0.877081, 0.862963, 0.867275, 0.846863, 0.801369, 0.801369, 0.780569, 0.797364, 0.826995, 0.801872, 0.742029, 0.831986, 0.687803, 0.740643, 0.72078, 0.757601, 0.831397, 0.822247, 0.821255, 0.761961, 0.801619, 0.795512, 0.742029, 0.818265, 0.832367, 0.855843, 0.855843, 0.854409, 0.843299, 0.850631, 0.742029, 0.742029, 0.713815, 0.831986, 0.818265, 0.835459, 0.828703, 0.790244, 0.689495, 0.741478, 0.73603, 0.73603, 0.699181, 0.795013, 0.788667, 0.776895, 0.797482, 0.797482, 0.780784, 0.839975, 0.820514, 0.848304, 0.845713, 0.780374, 0.878167, 0.858802, 0.854129, 0.83169, 0.860096, 0.864855, 0.826508, 0.820558, 0.818759, 0.853913, 0.857839, 0.850247, 0.840384, 0.780784, 0.797482, 0.797482, 0.858678, 0.873847, 0.830518, 0.814128, 0.860134, 0.846738, 0.840384, 0.858678, 0.782782, 0.782782, 0.805433, 0.805433, 0.744738, 0.744738, 0.801516, 0.838579, 0.813708, 0.775085, 0.809124, 0.838763, 0.796908, 0.783308, 0.843804, 0.842767, 0.72459, 0.702496, 0.702496, 0.804036, 0.77593, 0.770981, 0.790958, 0.765613, 0.794172, 0.794172, 0.796932, 0.773364, 0.773364, 0.80211, 0.774315, 0.814025, 0.793036, 0.820601, 0.765177, 0.740058, 0.734509, 0.789714, 0.789714, 0.792945, 0.775937, 0.775937, 0.776305, 0.776305, 0.760551, 0.816796, 0.783122, 0.783122, 0.783122, 0.822258, 0.822258, 0.731508, 0.731508, 0.805835, 0.805835, 0.760452, 0.760452, 0.686915, 0.686915, 0.688415, 0.688415, 0.686915, 0.686915, 0.688415, 0.688415, 0.734509, 0.708749, 0.805519, 0.783148, 0.783148, 0.838256, 0.667673, 0.667673, 0.689433, 0.689433, 0.697978, 0.697978, 0.880744, 0.834711, 0.830137, 0.814555, 0.76973, 0.797554, 0.797554, 0.837893, 0.797014, 0.74241, 0.795851, 0.681131, 0.808361, 0.754281, 0.802282, 0.784671, 0.769729, 0.820935, 0.789412, 0.789412, 0.758719, 0.758719, 0.77763, 0.77763, 0.746894, 0.784671, 0.792969, 0.792969, 0.801112, 0.757846, 0.734386, 0.758122, 0.758122, 0.746928, 0.746928, 0.708311, 0.708311, 0.767406, 0.785975, 0.768454, 0.716585, 0.716585, 0.753476, 0.785647, 0.785647, 0.812428, 0.820575, 0.703821, 0.703821, 0.773996, 0.803585, 0.803585, 0.724808, 0.732141, 0.645603, 0.734459, 0.742167, 0.742167, 0.748916, 0.748916, 0.75609, 0.75609, 0.73303, 0.751698, 0.715263, 0.731642, 0.731642, 0.742051, 0.826428, 0.784673, 0.786545, 0.800969, 0.834963, 0.8335, 0.801145, 0.828777, 0.831398, 0.855536, 0.750118, 0.816549, 0.817665, 0.788223, 0.822688, 0.83193, 0.822806, 0.742356, 0.8101, 0.742051, 0.648776, 0.648776, 0.727647, 0.727647, 0.654486, 0.654486, 0.714746, 0.629831, 0.828846, 0.773774, 0.844182, 0.807271, 0.823996, 0.848842, 0.763924, 0.642926, 0.647196, 0.647196, 0.637106, 0.728934, 0.728934, 0.828802, 0.803974, 0.796557, 0.769825, 0.785566, 0.82402, 0.78852, 0.798614, 0.821752, 0.823289, 0.823289, 0.754971, 0.754971, 0.807846, 0.807846, 0.707312, 0.754319, 0.769856, 0.78187, 0.754302, 0.748332, 0.780793, 0.780793, 0.770635, 0.77486, 0.743379, 0.78783, 0.752002, 0.752002, 0.756854, 0.756854, 0.759632, 0.794729, 0.760716, 0.762605, 0.764273, 0.734751, 0.812202, 0.786005, 0.786005, 0.742863, 0.767782, 0.814005, 0.771408, 0.705527, 0.705527, 0.787391, 0.697444, 0.65666, 0.65666, 0.695452, 0.695452, 0.767335, 0.765555, 0.816983, 0.820828, 0.734751, 0.765602, 0.753911, 0.753911, 0.719087, 0.719087, 0.754408, 0.764273, 0.73485, 0.73286, 0.780487, 0.647285, 0.647285, 0.684845, 0.684845, 0.820828, 0.73286, 0.76159, 0.659281, 0.659281, 0.843338, 0.698919, 0.857994, 0.860433, 0.827156, 0.847042, 0.828535, 0.828535, 0.849406, 0.850591, 0.788001, 0.886717, 0.886717, 0.843338, 0.858325, 0.84393, 0.86868, 0.877066, 0.877066, 0.838304, 0.81973, 0.828933, 0.862535, 0.869959, 0.856049, 0.771473, 0.703253, 0.703253, 0.785248, 0.821009, 0.840145, 0.807898, 0.79824, 0.845721, 0.843528, 0.725429, 0.725429, 0.817143, 0.810172, 0.716909, 0.725429, 0.725429, 0.716909, 0.810172, 0.802687, 0.778552, 0.804504, 0.798365, 0.810172, 0.83663, 0.803141, 0.803141, 0.773518, 0.790705, 0.797912, 0.713484, 0.790705, 0.797912, 0.713484, 0.83117, 0.727997, 0.816269, 0.757989, 0.757989, 0.687567, 0.687567, 0.692571, 0.692571, 0.741697, 0.711127, 0.748203, 0.82177, 0.770585, 0.781607, 0.812297, 0.734411, 0.817112, 0.798973, 0.800867, 0.869053, 0.856764, 0.856764, 0.834884, 0.861607, 0.856613, 0.804346, 0.892401, 0.870673, 0.871982, 0.861862, 0.876376, 0.874787, 0.846769, 0.839081, 0.835842, 0.877208, 0.876433, 0.853532, 0.81844, 0.734411, 0.836702, 0.748365, 0.748365, 0.730309, 0.834788, 0.823317, 0.807626, 0.867367, 0.870763, 0.842332, 0.830324, 0.8377, 0.870686, 0.827152, 0.85285, 0.874889, 0.860621, 0.81468, 0.862019, 0.868281, 0.868281, 0.810775, 0.763059, 0.834846, 0.782937, 0.717215, 0.72918, 0.761833, 0.721461, 0.772667, 0.751867, 0.841535, 0.773455, 0.828597, 0.858941, 0.833441, 0.799227, 0.837732, 0.862047, 0.823124, 0.773455, 0.796775, 0.687226, 0.70013, 0.753446, 0.794883, 0.775621, 0.805377, 0.808111, 0.777048, 0.80697, 0.781561, 0.819607, 0.732578, 0.738882, 0.791328, 0.791328, 0.752928, 0.801375, 0.788312, 0.739483, 0.78519, 0.752623, 0.848942, 0.848942, 0.824626, 0.752678, 0.732578, 0.801338, 0.808076, 0.810863, 0.809656, 0.805975, 0.712995, 0.805975, 0.86689, 0.830493, 0.860425, 0.82796, 0.863269, 0.857577, 0.803092, 0.892901, 0.868194, 0.864917, 0.862561, 0.87294, 0.879297, 0.849937, 0.835382, 0.831202, 0.871315, 0.879795, 0.858824, 0.859858, 0.80064, 0.818493, 0.865928, 0.891211, 0.843139, 0.882835, 0.812239, 0.812239, 0.804085, 0.799907, 0.833307, 0.85907, 0.82298, 0.818646, 0.861146, 0.86039, 0.748637, 0.748637, 0.720484, 0.83497, 0.861112, 0.826509, 0.814968, 0.864458, 0.868774, 0.846109, 0.838972, 0.839772, 0.866334, 0.823505, 0.843238, 0.872298, 0.819917, 0.859578, 0.823636, 0.77356, 0.803022, 0.816657, 0.778164, 0.81428, 0.81428, 0.836436, 0.810804, 0.810804, 0.810804, 0.810804, 0.810804, 0.814344, 0.844857, 0.833497, 0.77632, 0.717092, 0.723662, 0.767365, 0.736574, 0.736574, 0.766051, 0.83355, 0.83355, 0.77356, 0.755429, 0.835605, 0.674248, 0.750009, 0.750009, 0.750009, 0.750009],